{"assets/fonts/Inter-ExtraLight.ttf":["assets/fonts/Inter-ExtraLight.ttf"],"assets/fonts/Inter-Regular.ttf":["assets/fonts/Inter-Regular.ttf"],"assets/icons/app-hq.png":["assets/icons/app-hq.png"],"assets/icons/app.ico":["assets/icons/app.ico"],"assets/icons/app.png":["assets/icons/app.png"],"assets/icons/app.svg":["assets/icons/app.svg"],"assets/icons/social-media/discord.svg":["assets/icons/social-media/discord.svg"],"assets/icons/social-media/github.svg":["assets/icons/social-media/github.svg"],"assets/icons/social-media/linkedin.svg":["assets/icons/social-media/linkedin.svg"],"assets/icons/social-media/linktree.svg":["assets/icons/social-media/linktree.svg"],"assets/icons/social-media/telegram.svg":["assets/icons/social-media/telegram.svg"],"assets/icons/social-media/website.svg":["assets/icons/social-media/website.svg"],"packages/cupertino_icons/assets/CupertinoIcons.ttf":["packages/cupertino_icons/assets/CupertinoIcons.ttf"],"packages/window_manager/images/ic_chrome_close.png":["packages/window_manager/images/ic_chrome_close.png"],"packages/window_manager/images/ic_chrome_maximize.png":["packages/window_manager/images/ic_chrome_maximize.png"],"packages/window_manager/images/ic_chrome_minimize.png":["packages/window_manager/images/ic_chrome_minimize.png"],"packages/window_manager/images/ic_chrome_unmaximize.png":["packages/window_manager/images/ic_chrome_unmaximize.png"]}